{"stats":{"minecraft:picked_up":{"minecraft:birch_log":7,"minecraft:crafting_table":1,"minecraft:birch_boat":3,"minecraft:flint":1,"minecraft:dirt":5,"minecraft:wheat_seeds":1,"minecraft:mutton":4,"minecraft:coal":15,"minecraft:white_wool":3,"minecraft:cobblestone":32},"minecraft:crafted":{"minecraft:crafting_table":1,"minecraft:stick":8,"minecraft:wooden_pickaxe":1,"minecraft:birch_boat":1,"minecraft:stone_pickaxe":1,"minecraft:stone_sword":1,"minecraft:birch_planks":28,"minecraft:stone_axe":1},"minecraft:custom":{"minecraft:time_since_rest":516,"minecraft:sprint_one_cm":45374,"minecraft:damage_taken":293,"minecraft:walk_one_cm":47820,"minecraft:mob_kills":3,"minecraft:drop":2,"minecraft:damage_dealt":270,"minecraft:interact_with_crafting_table":4,"minecraft:fly_one_cm":76868,"minecraft:crouch_one_cm":37,"minecraft:play_time":25691,"minecraft:deaths":1,"minecraft:sneak_time":7,"minecraft:walk_under_water_one_cm":1002,"minecraft:boat_one_cm":290597,"minecraft:jump":477,"minecraft:leave_game":2,"minecraft:time_since_death":0,"minecraft:walk_on_water_one_cm":2784,"minecraft:total_world_time":25691,"minecraft:fall_one_cm":13871},"minecraft:killed":{"minecraft:sheep":3},"minecraft:dropped":{"minecraft:wheat_seeds":1,"minecraft:wooden_pickaxe":1},"minecraft:used":{"minecraft:stone_pickaxe":36,"minecraft:birch_boat":3,"minecraft:wooden_pickaxe":19,"minecraft:stone_axe":1,"minecraft:dirt":1,"minecraft:mutton":4,"minecraft:crafting_table":1},"minecraft:mined":{"minecraft:birch_log":7,"minecraft:crafting_table":1,"minecraft:short_grass":5,"minecraft:grass_block":2,"minecraft:coal_ore":15,"minecraft:gravel":1,"minecraft:dirt":3,"minecraft:tall_grass":3,"minecraft:stone":32}},"DataVersion":4082}