{"stats":{"minecraft:picked_up":{"minecraft:birch_log":7,"minecraft:birch_boat":3,"minecraft:wheat_seeds":1,"minecraft:dirt":5},"minecraft:crafted":{"minecraft:birch_planks":28,"minecraft:stick":4,"minecraft:birch_boat":1,"minecraft:wooden_pickaxe":1},"minecraft:custom":{"minecraft:time_since_rest":17586,"minecraft:sprint_one_cm":22676,"minecraft:play_time":17586,"minecraft:walk_one_cm":18119,"minecraft:walk_under_water_one_cm":560,"minecraft:boat_one_cm":290597,"minecraft:jump":238,"minecraft:leave_game":1,"minecraft:walk_on_water_one_cm":515,"minecraft:time_since_death":17586,"minecraft:total_world_time":17586,"minecraft:interact_with_crafting_table":3,"minecraft:fall_one_cm":5308,"minecraft:fly_one_cm":37757},"minecraft:used":{"minecraft:dirt":1,"minecraft:wooden_pickaxe":6,"minecraft:birch_boat":3},"minecraft:mined":{"minecraft:short_grass":3,"minecraft:grass_block":2,"minecraft:dirt":3,"minecraft:birch_log":7,"minecraft:tall_grass":3}},"DataVersion":4082}