{"stats":{"minecraft:killed_by":{"minecraft:drowned":3},"minecraft:crafted":{"minecraft:cooked_porkchop":24,"minecraft:crafting_table":2,"minecraft:spruce_planks":128,"minecraft:wooden_pickaxe":1,"minecraft:furnace":1,"minecraft:stone_axe":2,"minecraft:bread":4,"minecraft:air":0,"minecraft:stick":12,"minecraft:stone_pickaxe":1,"minecraft:wooden_axe":1,"minecraft:stone_sword":1,"minecraft:spruce_boat":2},"minecraft:picked_up":{"minecraft:wooden_axe":1,"minecraft:crafting_table":7,"minecraft:wheat":25,"minecraft:salmon":2,"minecraft:wooden_pickaxe":1,"minecraft:filled_map":2,"minecraft:brewing_stand":1,"minecraft:golden_boots":1,"minecraft:dirt":2,"minecraft:raw_copper":117,"minecraft:white_carpet":1,"minecraft:kelp":15,"minecraft:gold_nugget":2,"minecraft:spruce_planks":153,"minecraft:stone_pickaxe":4,"minecraft:wooden_shovel":1,"minecraft:stick":1,"minecraft:sweet_berries":12,"minecraft:torch":2,"minecraft:sand":1,"minecraft:porkchop":10,"minecraft:spruce_sapling":8,"minecraft:spruce_log":63,"minecraft:stone_sword":2,"minecraft:rotten_flesh":2,"minecraft:sugar":11,"minecraft:stone_axe":3,"minecraft:spruce_boat":8,"minecraft:light_gray_carpet":1,"minecraft:mutton":8,"minecraft:coal":20,"minecraft:white_wool":5,"minecraft:cobblestone":170},"minecraft:used":{"minecraft:stone_sword":39,"minecraft:stone_pickaxe":66,"minecraft:spruce_planks":50,"minecraft:wooden_pickaxe":11,"minecraft:salmon":2,"minecraft:sand":1,"minecraft:crafting_table":7,"minecraft:spruce_boat":6,"minecraft:wooden_axe":16,"minecraft:bread":2,"minecraft:stone_axe":23,"minecraft:cobblestone":9,"minecraft:sweet_berries":7,"minecraft:furnace":1,"minecraft:cooked_porkchop":3},"minecraft:dropped":{"minecraft:golden_boots":1,"minecraft:stone_axe":1,"minecraft:sweet_berries":6,"minecraft:kelp":1,"minecraft:cooked_porkchop":3,"minecraft:white_carpet":1,"minecraft:rotten_flesh":1,"minecraft:light_gray_carpet":1,"minecraft:spruce_boat":1,"minecraft:wooden_axe":2,"minecraft:gold_nugget":1,"minecraft:wooden_pickaxe":2},"minecraft:killed":{"minecraft:pig":5,"minecraft:salmon":1,"minecraft:sheep":4,"minecraft:zombie":2,"minecraft:drowned":1},"minecraft:mined":{"minecraft:spruce_planks":1,"minecraft:brewing_stand":1,"minecraft:crafting_table":6,"minecraft:short_grass":5,"minecraft:copper_ore":10,"minecraft:spruce_leaves":3,"minecraft:wall_torch":2,"minecraft:sweet_berry_bush":6,"minecraft:ice":1,"minecraft:spruce_log":32,"minecraft:mycelium":1,"minecraft:coal_ore":10,"minecraft:sunflower":1,"minecraft:sand":1,"minecraft:stone":54,"minecraft:fern":2},"minecraft:custom":{"minecraft:interact_with_furnace":20,"minecraft:mob_kills":13,"minecraft:interact_with_crafting_table":12,"minecraft:leave_game":3,"minecraft:time_since_death":59013,"minecraft:climb_one_cm":1901,"minecraft:time_since_rest":59051,"minecraft:sprint_one_cm":128888,"minecraft:damage_taken":1079,"minecraft:walk_one_cm":176459,"minecraft:drop":21,"minecraft:damage_dealt":1472,"minecraft:swim_one_cm":27478,"minecraft:fly_one_cm":149559,"minecraft:open_chest":5,"minecraft:crouch_one_cm":608,"minecraft:play_time":85701,"minecraft:deaths":3,"minecraft:sneak_time":123,"minecraft:walk_under_water_one_cm":4400,"minecraft:boat_one_cm":1100384,"minecraft:jump":927,"minecraft:walk_on_water_one_cm":16598,"minecraft:total_world_time":85701,"minecraft:fall_one_cm":23751}},"DataVersion":4082}