{"stats":{"minecraft:crafted":{"minecraft:crafting_table":1,"minecraft:spruce_planks":128,"minecraft:stick":12,"minecraft:wooden_pickaxe":1,"minecraft:stone_pickaxe":1,"minecraft:wooden_axe":1,"minecraft:stone_sword":1,"minecraft:spruce_boat":1,"minecraft:stone_axe":2},"minecraft:picked_up":{"minecraft:crafting_table":5,"minecraft:sweet_berries":12,"minecraft:spruce_sapling":3,"minecraft:spruce_log":32,"minecraft:raw_copper":39,"minecraft:stone_pickaxe":1,"minecraft:coal":10,"minecraft:cobblestone":54},"minecraft:used":{"minecraft:wooden_axe":16,"minecraft:stone_sword":3,"minecraft:stone_pickaxe":63,"minecraft:wooden_pickaxe":11,"minecraft:stone_axe":18,"minecraft:crafting_table":5,"minecraft:sweet_berries":7},"minecraft:dropped":{"minecraft:stone_axe":1,"minecraft:sweet_berries":6,"minecraft:wooden_axe":1,"minecraft:wooden_pickaxe":1},"minecraft:killed":{"minecraft:zombie":1},"minecraft:mined":{"minecraft:sweet_berry_bush":6,"minecraft:spruce_log":32,"minecraft:crafting_table":5,"minecraft:coal_ore":10,"minecraft:copper_ore":10,"minecraft:spruce_leaves":3,"minecraft:stone":54,"minecraft:fern":2},"minecraft:custom":{"minecraft:time_since_rest":16175,"minecraft:sprint_one_cm":35054,"minecraft:damage_taken":50,"minecraft:walk_one_cm":67861,"minecraft:mob_kills":1,"minecraft:drop":9,"minecraft:damage_dealt":225,"minecraft:interact_with_crafting_table":8,"minecraft:fly_one_cm":17533,"minecraft:crouch_one_cm":206,"minecraft:play_time":16175,"minecraft:sneak_time":42,"minecraft:walk_under_water_one_cm":523,"minecraft:jump":274,"minecraft:leave_game":1,"minecraft:walk_on_water_one_cm":2264,"minecraft:time_since_death":16175,"minecraft:total_world_time":16175,"minecraft:fall_one_cm":3258}},"DataVersion":4082}