{"stats":{"minecraft:killed_by":{"minecraft:drowned":3},"minecraft:crafted":{"minecraft:oak_planks":28,"minecraft:cooked_porkchop":24,"minecraft:crafting_table":2,"minecraft:spruce_planks":128,"minecraft:wooden_pickaxe":1,"minecraft:iron_sword":1,"minecraft:furnace":1,"minecraft:stone_axe":2,"minecraft:bread":4,"minecraft:air":0,"minecraft:stick":16,"minecraft:stone_pickaxe":1,"minecraft:wooden_axe":1,"minecraft:stone_sword":1,"minecraft:white_bed":1,"minecraft:spruce_boat":2},"minecraft:picked_up":{"minecraft:wooden_axe":1,"minecraft:crafting_table":7,"minecraft:wheat":25,"minecraft:salmon":2,"minecraft:wooden_pickaxe":1,"minecraft:filled_map":2,"minecraft:oak_log":7,"minecraft:brewing_stand":1,"minecraft:golden_boots":1,"minecraft:dirt":2,"minecraft:raw_copper":117,"minecraft:white_carpet":1,"minecraft:kelp":15,"minecraft:wheat_seeds":1,"minecraft:gold_nugget":2,"minecraft:spruce_planks":153,"minecraft:stone_pickaxe":4,"minecraft:wooden_shovel":1,"minecraft:stick":1,"minecraft:sweet_berries":12,"minecraft:torch":2,"minecraft:sand":1,"minecraft:porkchop":10,"minecraft:spruce_sapling":8,"minecraft:white_bed":3,"minecraft:spruce_log":63,"minecraft:golden_chestplate":3,"minecraft:stone_sword":2,"minecraft:rotten_flesh":2,"minecraft:sugar":11,"minecraft:stone_axe":3,"minecraft:spruce_boat":12,"minecraft:light_gray_carpet":1,"minecraft:mutton":8,"minecraft:coal":20,"minecraft:white_wool":5,"minecraft:cobblestone":170},"minecraft:used":{"minecraft:stone_sword":40,"minecraft:stone_pickaxe":66,"minecraft:spruce_planks":50,"minecraft:wooden_pickaxe":11,"minecraft:iron_sword":3,"minecraft:salmon":2,"minecraft:sand":1,"minecraft:crafting_table":7,"minecraft:white_bed":3,"minecraft:spruce_boat":8,"minecraft:wooden_axe":16,"minecraft:bread":3,"minecraft:stone_axe":30,"minecraft:cobblestone":16,"minecraft:sweet_berries":7,"minecraft:furnace":1,"minecraft:cooked_porkchop":5,"minecraft:experience_bottle":1},"minecraft:dropped":{"minecraft:golden_boots":1,"minecraft:iron_ingot":2,"minecraft:stone_axe":1,"minecraft:sweet_berries":6,"minecraft:kelp":1,"minecraft:golden_chestplate":2,"minecraft:stone_sword":1,"minecraft:cooked_porkchop":3,"minecraft:white_carpet":1,"minecraft:rotten_flesh":1,"minecraft:light_gray_carpet":1,"minecraft:dirt":2,"minecraft:spruce_boat":1,"minecraft:spruce_planks":1,"minecraft:wooden_axe":2,"minecraft:gold_nugget":1,"minecraft:wooden_pickaxe":2},"minecraft:killed":{"minecraft:pig":5,"minecraft:salmon":1,"minecraft:spider":1,"minecraft:sheep":4,"minecraft:zombie":2,"minecraft:drowned":1},"minecraft:mined":{"minecraft:white_bed":3,"minecraft:spruce_planks":1,"minecraft:brewing_stand":1,"minecraft:crafting_table":6,"minecraft:short_grass":6,"minecraft:copper_ore":10,"minecraft:spruce_leaves":3,"minecraft:wall_torch":2,"minecraft:sweet_berry_bush":6,"minecraft:ice":1,"minecraft:spruce_log":32,"minecraft:oak_log":7,"minecraft:mycelium":1,"minecraft:coal_ore":10,"minecraft:sunflower":1,"minecraft:sand":1,"minecraft:stone":54,"minecraft:fern":2},"minecraft:custom":{"minecraft:interact_with_furnace":20,"minecraft:mob_kills":14,"minecraft:interact_with_crafting_table":15,"minecraft:leave_game":3,"minecraft:time_since_death":83013,"minecraft:sleep_in_bed":2,"minecraft:climb_one_cm":1901,"minecraft:time_since_rest":2140,"minecraft:sprint_one_cm":195967,"minecraft:damage_taken":1185,"minecraft:walk_one_cm":206414,"minecraft:drop":27,"minecraft:damage_dealt":1632,"minecraft:swim_one_cm":34200,"minecraft:fly_one_cm":269645,"minecraft:open_chest":7,"minecraft:crouch_one_cm":770,"minecraft:play_time":109701,"minecraft:deaths":3,"minecraft:sneak_time":179,"minecraft:walk_under_water_one_cm":7533,"minecraft:boat_one_cm":1376580,"minecraft:jump":1418,"minecraft:walk_on_water_one_cm":23202,"minecraft:total_world_time":109701,"minecraft:fall_one_cm":36892}},"DataVersion":4082}