{"stats":{"minecraft:killed_by":{"minecraft:drowned":3},"minecraft:crafted":{"minecraft:crafting_table":1,"minecraft:spruce_planks":128,"minecraft:stick":12,"minecraft:wooden_pickaxe":1,"minecraft:stone_pickaxe":1,"minecraft:wooden_axe":1,"minecraft:stone_sword":1,"minecraft:spruce_boat":2,"minecraft:stone_axe":2},"minecraft:picked_up":{"minecraft:wooden_axe":1,"minecraft:stick":1,"minecraft:crafting_table":7,"minecraft:wheat":25,"minecraft:sweet_berries":12,"minecraft:salmon":2,"minecraft:wooden_pickaxe":1,"minecraft:filled_map":2,"minecraft:porkchop":5,"minecraft:spruce_sapling":8,"minecraft:spruce_log":63,"minecraft:raw_copper":117,"minecraft:stone_sword":2,"minecraft:sugar":11,"minecraft:rotten_flesh":2,"minecraft:gold_nugget":1,"minecraft:kelp":7,"minecraft:stone_axe":3,"minecraft:spruce_boat":4,"minecraft:spruce_planks":152,"minecraft:stone_pickaxe":4,"minecraft:wooden_shovel":1,"minecraft:mutton":3,"minecraft:coal":20,"minecraft:white_wool":2,"minecraft:cobblestone":170},"minecraft:used":{"minecraft:spruce_boat":2,"minecraft:wooden_axe":16,"minecraft:stone_sword":14,"minecraft:stone_pickaxe":63,"minecraft:wooden_pickaxe":11,"minecraft:stone_axe":20,"minecraft:salmon":2,"minecraft:crafting_table":6,"minecraft:sweet_berries":7},"minecraft:dropped":{"minecraft:stone_axe":1,"minecraft:spruce_boat":1,"minecraft:kelp":1,"minecraft:sweet_berries":6,"minecraft:wooden_axe":2,"minecraft:rotten_flesh":1,"minecraft:wooden_pickaxe":2},"minecraft:killed":{"minecraft:sheep":1,"minecraft:zombie":1,"minecraft:pig":2,"minecraft:salmon":1,"minecraft:drowned":1},"minecraft:mined":{"minecraft:sweet_berry_bush":6,"minecraft:spruce_log":32,"minecraft:crafting_table":6,"minecraft:coal_ore":10,"minecraft:copper_ore":10,"minecraft:spruce_leaves":3,"minecraft:stone":54,"minecraft:fern":2},"minecraft:custom":{"minecraft:time_since_rest":13525,"minecraft:sprint_one_cm":51298,"minecraft:damage_taken":975,"minecraft:walk_one_cm":90112,"minecraft:mob_kills":6,"minecraft:drop":14,"minecraft:damage_dealt":734,"minecraft:swim_one_cm":22324,"minecraft:interact_with_crafting_table":9,"minecraft:fly_one_cm":29406,"minecraft:open_chest":2,"minecraft:crouch_one_cm":206,"minecraft:play_time":40175,"minecraft:deaths":3,"minecraft:sneak_time":44,"minecraft:walk_under_water_one_cm":3809,"minecraft:boat_one_cm":526652,"minecraft:jump":376,"minecraft:leave_game":1,"minecraft:walk_on_water_one_cm":12603,"minecraft:time_since_death":13487,"minecraft:total_world_time":40175,"minecraft:fall_one_cm":6014}},"DataVersion":4082}