{"stats":{"minecraft:picked_up":{"minecraft:birch_boat":1,"minecraft:birch_log":7},"minecraft:crafted":{"minecraft:birch_planks":28,"minecraft:stick":4,"minecraft:birch_boat":1,"minecraft:wooden_pickaxe":1},"minecraft:custom":{"minecraft:jump":120,"minecraft:time_since_rest":5717,"minecraft:sprint_one_cm":12611,"minecraft:play_time":5717,"minecraft:walk_on_water_one_cm":399,"minecraft:time_since_death":5717,"minecraft:walk_one_cm":6342,"minecraft:walk_under_water_one_cm":560,"minecraft:total_world_time":5717,"minecraft:boat_one_cm":22132,"minecraft:interact_with_crafting_table":3,"minecraft:fall_one_cm":3518,"minecraft:fly_one_cm":14202},"minecraft:used":{"minecraft:birch_boat":2},"minecraft:mined":{"minecraft:birch_log":7}},"DataVersion":4082}