{"stats":{"minecraft:killed_by":{"minecraft:drowned":3},"minecraft:crafted":{"minecraft:oak_planks":28,"minecraft:cooked_porkchop":24,"minecraft:crafting_table":2,"minecraft:spruce_planks":128,"minecraft:wooden_pickaxe":1,"minecraft:iron_sword":2,"minecraft:furnace":1,"minecraft:stone_axe":2,"minecraft:bread":4,"minecraft:air":0,"minecraft:shield":3,"minecraft:stick":16,"minecraft:stone_pickaxe":1,"minecraft:wooden_axe":1,"minecraft:stone_sword":1,"minecraft:white_bed":1,"minecraft:spruce_boat":2},"minecraft:picked_up":{"minecraft:wooden_axe":1,"minecraft:crafting_table":7,"minecraft:wheat":25,"minecraft:salmon":2,"minecraft:wooden_pickaxe":1,"minecraft:filled_map":2,"minecraft:oak_log":7,"minecraft:brewing_stand":1,"minecraft:golden_boots":1,"minecraft:shield":1,"minecraft:dirt":2,"minecraft:raw_copper":117,"minecraft:white_carpet":1,"minecraft:bone":1,"minecraft:kelp":15,"minecraft:wheat_seeds":1,"minecraft:gold_nugget":2,"minecraft:spruce_planks":217,"minecraft:stone_pickaxe":4,"minecraft:wooden_shovel":1,"minecraft:iron_sword":1,"minecraft:stick":3,"minecraft:raw_iron":11,"minecraft:sweet_berries":12,"minecraft:torch":2,"minecraft:porkchop":10,"minecraft:sand":1,"minecraft:spruce_sapling":8,"minecraft:white_bed":4,"minecraft:spruce_log":63,"minecraft:golden_chestplate":3,"minecraft:goat_horn":1,"minecraft:stone_sword":2,"minecraft:sugar":11,"minecraft:rotten_flesh":2,"minecraft:spruce_boat":13,"minecraft:stone_axe":3,"minecraft:hay_block":6,"minecraft:carved_pumpkin":1,"minecraft:light_gray_carpet":1,"minecraft:mutton":8,"minecraft:coal":38,"minecraft:white_wool":5,"minecraft:cobblestone":173},"minecraft:used":{"minecraft:stone_sword":40,"minecraft:stone_pickaxe":98,"minecraft:wooden_pickaxe":11,"minecraft:iron_sword":15,"minecraft:spruce_planks":50,"minecraft:shield":14,"minecraft:salmon":2,"minecraft:sand":1,"minecraft:crafting_table":7,"minecraft:white_bed":4,"minecraft:spruce_boat":9,"minecraft:wooden_axe":16,"minecraft:bread":8,"minecraft:stone_axe":38,"minecraft:cobblestone":16,"minecraft:sweet_berries":7,"minecraft:goat_horn":5,"minecraft:furnace":1,"minecraft:cooked_porkchop":7,"minecraft:experience_bottle":1},"minecraft:dropped":{"minecraft:golden_boots":1,"minecraft:iron_ingot":2,"minecraft:iron_sword":2,"minecraft:stone_axe":1,"minecraft:goat_horn":1,"minecraft:kelp":14,"minecraft:sweet_berries":6,"minecraft:porkchop":1,"minecraft:wheat_seeds":1,"minecraft:iron_nugget":4,"minecraft:golden_chestplate":2,"minecraft:stone_sword":1,"minecraft:cooked_porkchop":3,"minecraft:white_carpet":1,"minecraft:rotten_flesh":1,"minecraft:light_gray_carpet":1,"minecraft:stick":2,"minecraft:dirt":2,"minecraft:spruce_boat":1,"minecraft:shield":3,"minecraft:spruce_planks":1,"minecraft:wooden_axe":2,"minecraft:gold_nugget":1,"minecraft:wooden_pickaxe":2},"minecraft:killed":{"minecraft:pig":5,"minecraft:salmon":1,"minecraft:spider":1,"minecraft:skeleton":1,"minecraft:sheep":4,"minecraft:pillager":1,"minecraft:zombie":2,"minecraft:drowned":1},"minecraft:mined":{"minecraft:white_bed":4,"minecraft:spruce_planks":1,"minecraft:brewing_stand":1,"minecraft:carved_pumpkin":1,"minecraft:crafting_table":6,"minecraft:short_grass":6,"minecraft:dead_bush":1,"minecraft:copper_ore":10,"minecraft:tall_grass":1,"minecraft:spruce_leaves":3,"minecraft:wall_torch":2,"minecraft:hay_block":6,"minecraft:iron_ore":11,"minecraft:sweet_berry_bush":6,"minecraft:ice":1,"minecraft:spruce_log":32,"minecraft:coal_ore":28,"minecraft:oak_log":7,"minecraft:mycelium":1,"minecraft:sunflower":1,"minecraft:sand":1,"minecraft:cobweb":1,"minecraft:stone":57,"minecraft:fern":2},"minecraft:custom":{"minecraft:interact_with_furnace":20,"minecraft:mob_kills":16,"minecraft:interact_with_crafting_table":18,"minecraft:leave_game":8,"minecraft:time_since_death":112898,"minecraft:sleep_in_bed":5,"minecraft:climb_one_cm":1901,"minecraft:time_since_rest":2867,"minecraft:sprint_one_cm":309267,"minecraft:damage_taken":1430,"minecraft:walk_one_cm":298488,"minecraft:damage_blocked_by_shield":735,"minecraft:drop":38,"minecraft:damage_dealt":2252,"minecraft:swim_one_cm":39695,"minecraft:talked_to_villager":3,"minecraft:fly_one_cm":422101,"minecraft:open_chest":11,"minecraft:play_time":139586,"minecraft:crouch_one_cm":1409,"minecraft:sneak_time":327,"minecraft:deaths":3,"minecraft:walk_under_water_one_cm":8901,"minecraft:boat_one_cm":1437175,"minecraft:jump":2331,"minecraft:walk_on_water_one_cm":25261,"minecraft:total_world_time":139586,"minecraft:fall_one_cm":63488}},"DataVersion":4082}