{"stats":{"minecraft:picked_up":{"minecraft:birch_log":3},"minecraft:crafted":{"minecraft:birch_planks":12,"minecraft:crafting_table":1,"minecraft:birch_boat":1},"minecraft:custom":{"minecraft:jump":60,"minecraft:time_since_rest":4788,"minecraft:leave_game":1,"minecraft:damage_dealt":20,"minecraft:walk_on_water_one_cm":318,"minecraft:damage_taken":90,"minecraft:sprint_one_cm":6804,"minecraft:play_time":4788,"minecraft:time_since_death":4788,"minecraft:walk_one_cm":8567,"minecraft:total_world_time":4788,"minecraft:boat_one_cm":32345,"minecraft:interact_with_crafting_table":3,"minecraft:fall_one_cm":1709,"minecraft:fly_one_cm":5800,"minecraft:open_chest":1},"minecraft:used":{"minecraft:birch_boat":1,"minecraft:crafting_table":1},"minecraft:mined":{"minecraft:birch_log":3,"minecraft:fire":1}},"DataVersion":4082}