{"stats":{"minecraft:killed_by":{"minecraft:drowned":9},"minecraft:crafted":{"minecraft:crafting_table":1,"minecraft:spruce_planks":16,"minecraft:stick":8,"minecraft:wooden_pickaxe":1,"minecraft:stone_pickaxe":2,"minecraft:wooden_axe":1},"minecraft:picked_up":{"minecraft:wooden_axe":2,"minecraft:stick":1,"minecraft:crafting_table":3,"minecraft:sweet_berries":78,"minecraft:wooden_pickaxe":3,"minecraft:filled_map":1,"minecraft:spruce_sapling":7,"minecraft:spruce_log":66,"minecraft:mossy_cobblestone":10,"minecraft:raw_copper":39,"minecraft:stone_sword":1,"minecraft:rotten_flesh":1,"minecraft:spruce_boat":1,"minecraft:stone_axe":4,"minecraft:spruce_planks":148,"minecraft:stone_pickaxe":4,"minecraft:wooden_shovel":1,"minecraft:coal":6,"minecraft:cobblestone":80},"minecraft:used":{"minecraft:spruce_boat":1,"minecraft:stone_pickaxe":8,"minecraft:spruce_planks":3,"minecraft:wooden_pickaxe":16,"minecraft:stone_axe":51,"minecraft:cobblestone":1,"minecraft:sweet_berries":16},"minecraft:dropped":{"minecraft:wooden_axe":1,"minecraft:wooden_pickaxe":1,"minecraft:stone_pickaxe":1,"minecraft:spruce_sapling":1},"minecraft:mined":{"minecraft:spruce_sapling":1,"minecraft:kelp_plant":1,"minecraft:sweet_berry_bush":16,"minecraft:spruce_log":36,"minecraft:spruce_leaves":7,"minecraft:stone":23,"minecraft:fern":2},"minecraft:custom":{"minecraft:time_since_rest":1856,"minecraft:sprint_one_cm":53441,"minecraft:damage_taken":3595,"minecraft:walk_one_cm":46943,"minecraft:drop":4,"minecraft:damage_dealt":60,"minecraft:interact_with_crafting_table":9,"minecraft:swim_one_cm":70613,"minecraft:fly_one_cm":31471,"minecraft:open_chest":4,"minecraft:play_time":26567,"minecraft:deaths":12,"minecraft:sneak_time":14,"minecraft:walk_under_water_one_cm":9827,"minecraft:boat_one_cm":27360,"minecraft:jump":207,"minecraft:leave_game":2,"minecraft:walk_on_water_one_cm":8944,"minecraft:time_since_death":1831,"minecraft:total_world_time":26567,"minecraft:fall_one_cm":24507}},"DataVersion":4082}