{"stats":{"minecraft:picked_up":{"minecraft:birch_log":3,"minecraft:stick":1,"minecraft:chicken":1,"minecraft:porkchop":3,"minecraft:cherry_log":27,"minecraft:dirt":7,"minecraft:wheat_seeds":4,"minecraft:cherry_sapling":2,"minecraft:mutton":7},"minecraft:crafted":{"minecraft:cherry_planks":16,"minecraft:crafting_table":3,"minecraft:stick":8,"minecraft:birch_boat":1,"minecraft:wooden_axe":1,"minecraft:birch_planks":12},"minecraft:custom":{"minecraft:time_since_rest":9356,"minecraft:sprint_one_cm":126999,"minecraft:damage_taken":441,"minecraft:walk_one_cm":69254,"minecraft:mob_kills":1,"minecraft:drop":2,"minecraft:damage_dealt":496,"minecraft:swim_one_cm":642,"minecraft:interact_with_crafting_table":6,"minecraft:fly_one_cm":109288,"minecraft:open_chest":1,"minecraft:crouch_one_cm":54,"minecraft:play_time":42351,"minecraft:deaths":1,"minecraft:sneak_time":78,"minecraft:walk_under_water_one_cm":2145,"minecraft:boat_one_cm":283285,"minecraft:jump":797,"minecraft:leave_game":9,"minecraft:walk_on_water_one_cm":4185,"minecraft:time_since_death":25010,"minecraft:sleep_in_bed":2,"minecraft:total_world_time":42351,"minecraft:fall_one_cm":21565},"minecraft:killed":{"minecraft:chicken":1},"minecraft:dropped":{"minecraft:wheat_seeds":2},"minecraft:broken":{"minecraft:wooden_axe":1},"minecraft:used":{"minecraft:wooden_axe":60,"minecraft:chicken":1,"minecraft:birch_boat":1,"minecraft:cherry_planks":1,"minecraft:mutton":5,"minecraft:crafting_table":2,"minecraft:porkchop":3,"minecraft:cherry_log":17},"minecraft:mined":{"minecraft:pink_petals":1,"minecraft:birch_log":3,"minecraft:fire":1,"minecraft:cherry_log":41,"minecraft:dandelion":1,"minecraft:orange_tulip":1,"minecraft:bee_nest":1,"minecraft:short_grass":14,"minecraft:grass_block":7,"minecraft:cherry_leaves":18,"minecraft:dirt":4}},"DataVersion":4082}