{"stats":{"minecraft:killed_by":{"minecraft:drowned":9},"minecraft:crafted":{"minecraft:cooked_porkchop":12,"minecraft:crafting_table":1,"minecraft:spruce_planks":16,"minecraft:stick":8,"minecraft:wooden_pickaxe":1,"minecraft:stone_pickaxe":2,"minecraft:wooden_axe":1,"minecraft:air":0},"minecraft:picked_up":{"minecraft:wooden_axe":2,"minecraft:stick":1,"minecraft:crafting_table":4,"minecraft:chicken":1,"minecraft:sweet_berries":78,"minecraft:leather":3,"minecraft:wooden_pickaxe":3,"minecraft:filled_map":1,"minecraft:porkchop":24,"minecraft:spruce_sapling":7,"minecraft:spruce_log":66,"minecraft:mossy_cobblestone":10,"minecraft:raw_copper":39,"minecraft:stone_sword":1,"minecraft:rotten_flesh":1,"minecraft:spruce_boat":2,"minecraft:stone_axe":4,"minecraft:wheat_seeds":2,"minecraft:spruce_planks":150,"minecraft:beef":6,"minecraft:stone_pickaxe":4,"minecraft:wooden_shovel":1,"minecraft:coal":6,"minecraft:snowball":13,"minecraft:cobblestone":81},"minecraft:used":{"minecraft:spruce_boat":1,"minecraft:stone_pickaxe":8,"minecraft:wooden_pickaxe":16,"minecraft:spruce_planks":5,"minecraft:wooden_shovel":13,"minecraft:rotten_flesh":1,"minecraft:stone_axe":76,"minecraft:cobblestone":1,"minecraft:sweet_berries":16,"minecraft:crafting_table":1,"minecraft:cooked_porkchop":2,"minecraft:snowball":13},"minecraft:dropped":{"minecraft:stone_axe":1,"minecraft:spruce_boat":1,"minecraft:stone_sword":1,"minecraft:raw_copper":39,"minecraft:spruce_planks":64,"minecraft:wooden_axe":1,"minecraft:wooden_shovel":1,"minecraft:cobblestone":59,"minecraft:stone_pickaxe":2,"minecraft:wooden_pickaxe":1,"minecraft:spruce_sapling":1},"minecraft:killed":{"minecraft:sheep":1,"minecraft:pig":10,"minecraft:cow":4},"minecraft:mined":{"minecraft:spruce_planks":2,"minecraft:spruce_sapling":1,"minecraft:sweet_berry_bush":16,"minecraft:kelp_plant":1,"minecraft:snow":13,"minecraft:spruce_log":36,"minecraft:crafting_table":1,"minecraft:short_grass":2,"minecraft:grass_block":1,"minecraft:tall_grass":1,"minecraft:spruce_leaves":7,"minecraft:stone":23,"minecraft:fern":2},"minecraft:custom":{"minecraft:time_since_rest":25627,"minecraft:interact_with_furnace":11,"minecraft:sprint_one_cm":76364,"minecraft:damage_taken":3595,"minecraft:walk_one_cm":73892,"minecraft:mob_kills":15,"minecraft:drop":13,"minecraft:damage_dealt":1490,"minecraft:swim_one_cm":70613,"minecraft:interact_with_crafting_table":9,"minecraft:fly_one_cm":41866,"minecraft:open_chest":4,"minecraft:play_time":50338,"minecraft:deaths":12,"minecraft:sneak_time":37,"minecraft:walk_under_water_one_cm":10721,"minecraft:boat_one_cm":439572,"minecraft:jump":332,"minecraft:leave_game":3,"minecraft:time_since_death":25602,"minecraft:walk_on_water_one_cm":9238,"minecraft:total_world_time":50338,"minecraft:fall_one_cm":26717}},"DataVersion":4082}