{"stats":{"minecraft:crafted":{"minecraft:crafting_table":1,"minecraft:spruce_planks":16,"minecraft:stick":8,"minecraft:wooden_pickaxe":1,"minecraft:stone_pickaxe":2,"minecraft:wooden_axe":1},"minecraft:picked_up":{"minecraft:sweet_berries":46,"minecraft:stone_axe":1,"minecraft:spruce_log":35,"minecraft:cobblestone":22},"minecraft:used":{"minecraft:stone_axe":50,"minecraft:sweet_berries":16,"minecraft:stone_pickaxe":8,"minecraft:wooden_pickaxe":16,"minecraft:spruce_planks":1},"minecraft:dropped":{"minecraft:stone_pickaxe":1},"minecraft:mined":{"minecraft:sweet_berry_bush":16,"minecraft:spruce_leaves":7,"minecraft:spruce_log":35,"minecraft:stone":23,"minecraft:fern":2},"minecraft:custom":{"minecraft:time_since_rest":14110,"minecraft:sprint_one_cm":23759,"minecraft:play_time":14567,"minecraft:damage_taken":465,"minecraft:deaths":1,"minecraft:walk_one_cm":33467,"minecraft:drop":1,"minecraft:jump":137,"minecraft:leave_game":2,"minecraft:time_since_death":14067,"minecraft:walk_on_water_one_cm":276,"minecraft:total_world_time":14567,"minecraft:interact_with_crafting_table":9,"minecraft:fall_one_cm":6926,"minecraft:fly_one_cm":14609}},"DataVersion":4082}