{"stats":{"minecraft:killed_by":{"minecraft:drowned":9},"minecraft:crafted":{"minecraft:crafting_table":1,"minecraft:spruce_planks":16,"minecraft:stick":8,"minecraft:wooden_pickaxe":1,"minecraft:stone_pickaxe":2,"minecraft:wooden_axe":1},"minecraft:picked_up":{"minecraft:wooden_axe":2,"minecraft:stick":1,"minecraft:crafting_table":3,"minecraft:sweet_berries":78,"minecraft:wooden_pickaxe":3,"minecraft:porkchop":3,"minecraft:filled_map":1,"minecraft:spruce_sapling":7,"minecraft:spruce_log":66,"minecraft:mossy_cobblestone":10,"minecraft:raw_copper":39,"minecraft:stone_sword":1,"minecraft:rotten_flesh":1,"minecraft:spruce_boat":2,"minecraft:stone_axe":4,"minecraft:spruce_planks":148,"minecraft:stone_pickaxe":4,"minecraft:wooden_shovel":1,"minecraft:coal":6,"minecraft:cobblestone":81},"minecraft:used":{"minecraft:spruce_boat":1,"minecraft:stone_pickaxe":8,"minecraft:spruce_planks":3,"minecraft:wooden_pickaxe":16,"minecraft:rotten_flesh":1,"minecraft:stone_axe":53,"minecraft:cobblestone":1,"minecraft:sweet_berries":16},"minecraft:dropped":{"minecraft:stone_axe":1,"minecraft:spruce_boat":1,"minecraft:stone_sword":1,"minecraft:spruce_planks":64,"minecraft:raw_copper":39,"minecraft:wooden_axe":1,"minecraft:cobblestone":59,"minecraft:wooden_pickaxe":1,"minecraft:stone_pickaxe":2,"minecraft:spruce_sapling":1},"minecraft:killed":{"minecraft:sheep":1,"minecraft:pig":1},"minecraft:mined":{"minecraft:spruce_sapling":1,"minecraft:kelp_plant":1,"minecraft:sweet_berry_bush":16,"minecraft:spruce_log":36,"minecraft:spruce_leaves":7,"minecraft:stone":23,"minecraft:fern":2},"minecraft:custom":{"minecraft:time_since_rest":13856,"minecraft:sprint_one_cm":59521,"minecraft:damage_taken":3595,"minecraft:walk_one_cm":50484,"minecraft:mob_kills":2,"minecraft:drop":12,"minecraft:damage_dealt":190,"minecraft:interact_with_crafting_table":9,"minecraft:swim_one_cm":70613,"minecraft:fly_one_cm":32652,"minecraft:open_chest":4,"minecraft:play_time":38567,"minecraft:deaths":12,"minecraft:sneak_time":14,"minecraft:walk_under_water_one_cm":9827,"minecraft:boat_one_cm":417420,"minecraft:jump":228,"minecraft:leave_game":2,"minecraft:walk_on_water_one_cm":9059,"minecraft:time_since_death":13831,"minecraft:total_world_time":38567,"minecraft:fall_one_cm":25134}},"DataVersion":4082}