{"stats":{"minecraft:killed_by":{"minecraft:drowned":9},"minecraft:crafted":{"minecraft:cooked_beef":6,"minecraft:cooked_porkchop":12,"minecraft:crafting_table":1,"minecraft:spruce_planks":140,"minecraft:wooden_pickaxe":1,"minecraft:air":0,"minecraft:stick":24,"minecraft:stone_pickaxe":2,"minecraft:wooden_axe":1,"minecraft:spruce_boat":1,"minecraft:white_bed":1},"minecraft:picked_up":{"minecraft:wooden_axe":2,"minecraft:crafting_table":4,"minecraft:chicken":1,"minecraft:leather":4,"minecraft:brown_mushroom":1,"minecraft:wooden_pickaxe":3,"minecraft:filled_map":1,"minecraft:dirt":2,"minecraft:raw_copper":39,"minecraft:white_carpet":4,"minecraft:wheat_seeds":2,"minecraft:spruce_planks":152,"minecraft:beef":6,"minecraft:stone_pickaxe":4,"minecraft:wooden_shovel":1,"minecraft:light_gray_wool":1,"minecraft:furnace":1,"minecraft:stick":1,"minecraft:sweet_berries":78,"minecraft:porkchop":38,"minecraft:spruce_sapling":7,"minecraft:white_bed":1,"minecraft:spruce_log":97,"minecraft:golden_chestplate":1,"minecraft:mossy_cobblestone":10,"minecraft:stone_sword":1,"minecraft:rotten_flesh":2,"minecraft:stone_axe":4,"minecraft:spruce_boat":2,"minecraft:gray_wool":1,"minecraft:black_wool":1,"minecraft:mutton":8,"minecraft:snowball":13,"minecraft:coal":6,"minecraft:white_wool":5,"minecraft:cobblestone":81,"minecraft:sunflower":2},"minecraft:used":{"minecraft:stone_pickaxe":12,"minecraft:spruce_planks":26,"minecraft:wooden_pickaxe":16,"minecraft:wooden_shovel":13,"minecraft:rotten_flesh":1,"minecraft:crafting_table":2,"minecraft:white_bed":1,"minecraft:snowball":13,"minecraft:spruce_boat":1,"minecraft:stone_axe":116,"minecraft:cobblestone":1,"minecraft:sweet_berries":16,"minecraft:cooked_porkchop":5,"minecraft:cooked_beef":2},"minecraft:dropped":{"minecraft:stone_axe":1,"minecraft:stone_sword":1,"minecraft:raw_copper":39,"minecraft:cobblestone":59,"minecraft:stick":16,"minecraft:spruce_boat":2,"minecraft:spruce_planks":64,"minecraft:wooden_axe":1,"minecraft:wooden_shovel":1,"minecraft:spruce_log":31,"minecraft:wooden_pickaxe":1,"minecraft:stone_pickaxe":2,"minecraft:spruce_sapling":1},"minecraft:killed":{"minecraft:pig":16,"minecraft:spider":1,"minecraft:sheep":8,"minecraft:donkey":2,"minecraft:cow":4},"minecraft:mined":{"minecraft:spruce_planks":5,"minecraft:white_bed":1,"minecraft:kelp_plant":1,"minecraft:crafting_table":1,"minecraft:short_grass":7,"minecraft:grass_block":2,"minecraft:tall_grass":1,"minecraft:spruce_leaves":7,"minecraft:cauldron":1,"minecraft:spruce_sapling":1,"minecraft:furnace":1,"minecraft:snow":13,"minecraft:sweet_berry_bush":16,"minecraft:ice":1,"minecraft:white_carpet":1,"minecraft:spruce_log":36,"minecraft:dirt":1,"minecraft:water_cauldron":1,"minecraft:sunflower":3,"minecraft:iron_bars":1,"minecraft:stone":23,"minecraft:fern":2},"minecraft:custom":{"minecraft:interact_with_furnace":18,"minecraft:mob_kills":31,"minecraft:interact_with_crafting_table":12,"minecraft:leave_game":4,"minecraft:time_since_death":73456,"minecraft:sleep_in_bed":2,"minecraft:climb_one_cm":1739,"minecraft:time_since_rest":6147,"minecraft:sprint_one_cm":195003,"minecraft:damage_taken":3920,"minecraft:walk_one_cm":123549,"minecraft:drop":16,"minecraft:damage_dealt":3403,"minecraft:swim_one_cm":90707,"minecraft:fly_one_cm":135751,"minecraft:open_chest":12,"minecraft:crouch_one_cm":102,"minecraft:play_time":98192,"minecraft:deaths":12,"minecraft:sneak_time":258,"minecraft:walk_under_water_one_cm":18839,"minecraft:boat_one_cm":1093528,"minecraft:jump":793,"minecraft:interact_with_brewingstand":1,"minecraft:walk_on_water_one_cm":20384,"minecraft:total_world_time":98192,"minecraft:fall_one_cm":40779}},"DataVersion":4082}