{"stats":{"minecraft:picked_up":{"minecraft:birch_log":3},"minecraft:crafted":{"minecraft:birch_planks":12,"minecraft:crafting_table":1,"minecraft:birch_boat":1},"minecraft:custom":{"minecraft:time_since_rest":15931,"minecraft:open_chest":1,"minecraft:sprint_one_cm":23415,"minecraft:play_time":15931,"minecraft:damage_taken":141,"minecraft:walk_one_cm":15283,"minecraft:sneak_time":3,"minecraft:walk_under_water_one_cm":830,"minecraft:boat_one_cm":283285,"minecraft:jump":140,"minecraft:damage_dealt":102,"minecraft:leave_game":3,"minecraft:walk_on_water_one_cm":1999,"minecraft:time_since_death":15931,"minecraft:total_world_time":15931,"minecraft:interact_with_crafting_table":3,"minecraft:fall_one_cm":2336,"minecraft:fly_one_cm":15922},"minecraft:mined":{"minecraft:birch_log":3,"minecraft:fire":1},"minecraft:used":{"minecraft:crafting_table":1,"minecraft:birch_boat":1}},"DataVersion":4082}