{"stats":{"minecraft:picked_up":{"minecraft:birch_log":3,"minecraft:stick":1,"minecraft:chicken":1,"minecraft:cherry_log":27,"minecraft:dirt":7,"minecraft:cherry_sapling":2},"minecraft:crafted":{"minecraft:cherry_planks":16,"minecraft:crafting_table":3,"minecraft:stick":8,"minecraft:birch_boat":1,"minecraft:wooden_axe":1,"minecraft:birch_planks":12},"minecraft:custom":{"minecraft:time_since_rest":13221,"minecraft:sprint_one_cm":73649,"minecraft:damage_taken":411,"minecraft:walk_one_cm":43487,"minecraft:mob_kills":1,"minecraft:damage_dealt":212,"minecraft:interact_with_crafting_table":6,"minecraft:fly_one_cm":61196,"minecraft:open_chest":1,"minecraft:crouch_one_cm":54,"minecraft:play_time":30490,"minecraft:deaths":1,"minecraft:sneak_time":78,"minecraft:walk_under_water_one_cm":830,"minecraft:boat_one_cm":283285,"minecraft:jump":435,"minecraft:leave_game":5,"minecraft:walk_on_water_one_cm":2734,"minecraft:time_since_death":13149,"minecraft:total_world_time":30490,"minecraft:fall_one_cm":11095},"minecraft:killed":{"minecraft:chicken":1},"minecraft:used":{"minecraft:wooden_axe":59,"minecraft:chicken":1,"minecraft:birch_boat":1,"minecraft:cherry_planks":1,"minecraft:crafting_table":2,"minecraft:cherry_log":12},"minecraft:mined":{"minecraft:pink_petals":1,"minecraft:birch_log":3,"minecraft:fire":1,"minecraft:cherry_log":41,"minecraft:orange_tulip":1,"minecraft:bee_nest":1,"minecraft:short_grass":8,"minecraft:grass_block":7,"minecraft:cherry_leaves":18,"minecraft:dirt":4}},"DataVersion":4082}