{"stats":{"minecraft:killed_by":{"minecraft:zombie":1,"minecraft:drowned":9},"minecraft:crafted":{"minecraft:cooked_beef":6,"minecraft:cooked_porkchop":37,"minecraft:crafting_table":1,"minecraft:spruce_planks":140,"minecraft:wooden_pickaxe":1,"minecraft:iron_sword":1,"minecraft:cooked_mutton":3,"minecraft:air":0,"minecraft:stick":28,"minecraft:stone_pickaxe":2,"minecraft:wooden_axe":1,"minecraft:white_bed":1,"minecraft:spruce_boat":1},"minecraft:picked_up":{"minecraft:wooden_axe":2,"minecraft:crafting_table":5,"minecraft:cooked_beef":1,"minecraft:ominous_bottle":7,"minecraft:splash_potion":1,"minecraft:chicken":2,"minecraft:leather":12,"minecraft:brown_mushroom":1,"minecraft:wooden_pickaxe":4,"minecraft:filled_map":1,"minecraft:shield":2,"minecraft:dirt":6,"minecraft:white_banner":2,"minecraft:raw_copper":39,"minecraft:white_carpet":8,"minecraft:apple":6,"minecraft:wheat_seeds":4,"minecraft:spruce_planks":216,"minecraft:iron_ingot":2,"minecraft:beef":6,"minecraft:stone_pickaxe":6,"minecraft:wooden_shovel":1,"minecraft:light_gray_wool":2,"minecraft:iron_sword":1,"minecraft:furnace":2,"minecraft:stick":4,"minecraft:cooked_porkchop":4,"minecraft:sweet_berries":78,"minecraft:porkchop":74,"minecraft:spruce_sapling":11,"minecraft:white_bed":3,"minecraft:spruce_log":97,"minecraft:dark_oak_log":9,"minecraft:golden_chestplate":2,"minecraft:mossy_cobblestone":10,"minecraft:stone_sword":3,"minecraft:arrow":6,"minecraft:rotten_flesh":3,"minecraft:spruce_boat":2,"minecraft:stone_axe":7,"minecraft:golden_apple":1,"minecraft:gray_wool":2,"minecraft:black_wool":2,"minecraft:dark_oak_fence":1,"minecraft:mutton":65,"minecraft:coal":15,"minecraft:snowball":13,"minecraft:white_wool":43,"minecraft:cobblestone":81,"minecraft:sunflower":4},"minecraft:used":{"minecraft:stone_pickaxe":12,"minecraft:wooden_pickaxe":16,"minecraft:spruce_planks":26,"minecraft:shield":4,"minecraft:iron_sword":15,"minecraft:wooden_shovel":13,"minecraft:rotten_flesh":1,"minecraft:mutton":1,"minecraft:crafting_table":4,"minecraft:white_bed":2,"minecraft:snowball":13,"minecraft:spruce_boat":1,"minecraft:apple":6,"minecraft:cobblestone":1,"minecraft:stone_axe":153,"minecraft:sweet_berries":16,"minecraft:furnace":1,"minecraft:cooked_porkchop":8,"minecraft:cooked_beef":5},"minecraft:dropped":{"minecraft:stone_axe":2,"minecraft:ominous_bottle":1,"minecraft:stone_sword":1,"minecraft:raw_copper":39,"minecraft:cobblestone":59,"minecraft:stick":16,"minecraft:spruce_boat":2,"minecraft:dark_oak_fence":1,"minecraft:spruce_planks":128,"minecraft:wooden_axe":1,"minecraft:wooden_shovel":1,"minecraft:spruce_log":31,"minecraft:wooden_pickaxe":1,"minecraft:stone_pickaxe":2,"minecraft:spruce_sapling":1},"minecraft:killed":{"minecraft:pig":21,"minecraft:spider":1,"minecraft:sheep":28,"minecraft:pillager":3,"minecraft:donkey":2,"minecraft:cow":5},"minecraft:mined":{"minecraft:spruce_planks":5,"minecraft:white_bed":2,"minecraft:kelp_plant":1,"minecraft:crafting_table":2,"minecraft:short_grass":14,"minecraft:dark_oak_fence":6,"minecraft:grass_block":2,"minecraft:tall_grass":4,"minecraft:spruce_leaves":7,"minecraft:cauldron":1,"minecraft:spruce_sapling":1,"minecraft:furnace":1,"minecraft:sweet_berry_bush":16,"minecraft:ice":1,"minecraft:snow":13,"minecraft:white_carpet":1,"minecraft:spruce_log":36,"minecraft:water_cauldron":1,"minecraft:iron_bars":1,"minecraft:sunflower":3,"minecraft:dirt":1,"minecraft:stone":23,"minecraft:fern":2},"minecraft:custom":{"minecraft:interact_with_furnace":23,"minecraft:mob_kills":60,"minecraft:interact_with_crafting_table":16,"minecraft:bell_ring":43,"minecraft:leave_game":10,"minecraft:time_since_death":13788,"minecraft:sleep_in_bed":6,"minecraft:climb_one_cm":1739,"minecraft:time_since_rest":13874,"minecraft:sprint_one_cm":399482,"minecraft:damage_taken":4628,"minecraft:walk_one_cm":210653,"minecraft:damage_blocked_by_shield":240,"minecraft:drop":20,"minecraft:damage_dealt":6268,"minecraft:swim_one_cm":104538,"minecraft:fly_one_cm":277329,"minecraft:talked_to_villager":1,"minecraft:open_chest":21,"minecraft:crouch_one_cm":243,"minecraft:play_time":143803,"minecraft:sneak_time":294,"minecraft:deaths":13,"minecraft:walk_under_water_one_cm":20907,"minecraft:boat_one_cm":1237668,"minecraft:jump":1540,"minecraft:interact_with_brewingstand":1,"minecraft:walk_on_water_one_cm":22425,"minecraft:total_world_time":143803,"minecraft:fall_one_cm":56645}},"DataVersion":4082}