{"stats":{"minecraft:killed_by":{"minecraft:drowned":4},"minecraft:crafted":{"minecraft:sugar":11,"minecraft:wooden_shovel":1,"minecraft:crafting_table":1,"minecraft:spruce_planks":48,"minecraft:wooden_pickaxe":1,"minecraft:stone_axe":1,"minecraft:bread":4,"minecraft:stick":12,"minecraft:stone_pickaxe":1,"minecraft:spruce_boat":1},"minecraft:picked_up":{"minecraft:wheat":13,"minecraft:feather":1,"minecraft:chicken":1,"minecraft:wooden_pickaxe":2,"minecraft:filled_map":1,"minecraft:dirt":1,"minecraft:white_carpet":4,"minecraft:gold_nugget":2,"minecraft:spruce_planks":21,"minecraft:redstone_torch":1,"minecraft:wooden_shovel":2,"minecraft:sugar_cane":11,"minecraft:stick":31,"minecraft:cooked_porkchop":3,"minecraft:porkchop":3,"minecraft:sand":1,"minecraft:spruce_sapling":1,"minecraft:spruce_log":12,"minecraft:mossy_cobblestone":5,"minecraft:cauldron":3,"minecraft:rotten_flesh":2,"minecraft:sugar":11,"minecraft:spruce_boat":5,"minecraft:light_gray_carpet":2,"minecraft:iron_bars":2,"minecraft:coal":26,"minecraft:snowball":40,"minecraft:cobblestone":12},"minecraft:used":{"minecraft:iron_bars":2,"minecraft:stone_pickaxe":2,"minecraft:spruce_planks":1,"minecraft:wooden_pickaxe":18,"minecraft:cauldron":3,"minecraft:wooden_shovel":40,"minecraft:dirt":1,"minecraft:sand":1,"minecraft:crafting_table":1,"minecraft:snowball":40,"minecraft:redstone_torch":1,"minecraft:spruce_boat":6,"minecraft:bread":3,"minecraft:spruce_sapling":1,"minecraft:stone_axe":8,"minecraft:cooked_porkchop":1},"minecraft:dropped":{"minecraft:mossy_cobblestone":5,"minecraft:chicken":1,"minecraft:feather":1,"minecraft:rotten_flesh":1,"minecraft:stick":1,"minecraft:gold_nugget":2},"minecraft:killed":{"minecraft:pig":1,"minecraft:zombie_villager":1,"minecraft:chicken":1,"minecraft:villager":1},"minecraft:mined":{"minecraft:mossy_cobblestone":5,"minecraft:short_grass":4,"minecraft:spruce_leaves":5,"minecraft:sugar_cane":7,"minecraft:cauldron":1,"minecraft:redstone_torch":1,"minecraft:snow":40,"minecraft:spruce_log":12,"minecraft:iron_bars":1,"minecraft:dirt":1,"minecraft:sand":1,"minecraft:stone":12},"minecraft:custom":{"minecraft:interact_with_furnace":8,"minecraft:mob_kills":4,"minecraft:interact_with_crafting_table":8,"minecraft:time_since_death":37999,"minecraft:climb_one_cm":1781,"minecraft:time_since_rest":38021,"minecraft:sprint_one_cm":38643,"minecraft:damage_taken":2293,"minecraft:walk_one_cm":46672,"minecraft:drop":11,"minecraft:damage_dealt":562,"minecraft:swim_one_cm":66187,"minecraft:fly_one_cm":105654,"minecraft:open_chest":4,"minecraft:crouch_one_cm":7314,"minecraft:play_time":51664,"minecraft:deaths":7,"minecraft:sneak_time":2024,"minecraft:walk_under_water_one_cm":8234,"minecraft:boat_one_cm":684199,"minecraft:jump":513,"minecraft:walk_on_water_one_cm":12207,"minecraft:total_world_time":51664,"minecraft:fall_one_cm":26403}},"DataVersion":4082}