{"stats":{"minecraft:killed_by":{"minecraft:cave_spider":1,"minecraft:drowned":4},"minecraft:crafted":{"minecraft:sugar":11,"minecraft:wooden_shovel":1,"minecraft:crafting_table":2,"minecraft:spruce_planks":48,"minecraft:wooden_pickaxe":1,"minecraft:stone_axe":1,"minecraft:bread":4,"minecraft:stick":12,"minecraft:stone_pickaxe":1,"minecraft:white_bed":1,"minecraft:spruce_boat":2},"minecraft:picked_up":{"minecraft:crafting_table":1,"minecraft:wheat":13,"minecraft:feather":1,"minecraft:chicken":1,"minecraft:leather":2,"minecraft:brown_mushroom":17,"minecraft:wooden_pickaxe":2,"minecraft:filled_map":1,"minecraft:dirt":1,"minecraft:white_carpet":4,"minecraft:wheat_seeds":1,"minecraft:gold_nugget":2,"minecraft:spruce_planks":21,"minecraft:beef":5,"minecraft:redstone_torch":1,"minecraft:wooden_shovel":2,"minecraft:sugar_cane":11,"minecraft:stick":31,"minecraft:cooked_porkchop":3,"minecraft:porkchop":21,"minecraft:sand":1,"minecraft:spruce_sapling":1,"minecraft:spruce_log":12,"minecraft:mossy_cobblestone":5,"minecraft:cauldron":3,"minecraft:rotten_flesh":2,"minecraft:sugar":11,"minecraft:spruce_boat":6,"minecraft:light_gray_carpet":2,"minecraft:mutton":9,"minecraft:iron_bars":2,"minecraft:coal":26,"minecraft:snowball":40,"minecraft:white_wool":5,"minecraft:cobblestone":12,"minecraft:sunflower":2},"minecraft:used":{"minecraft:iron_bars":2,"minecraft:flint_and_steel":13,"minecraft:stone_pickaxe":3,"minecraft:spruce_planks":1,"minecraft:wooden_pickaxe":18,"minecraft:cauldron":3,"minecraft:wooden_shovel":40,"minecraft:dirt":1,"minecraft:sand":1,"minecraft:mutton":4,"minecraft:crafting_table":3,"minecraft:white_bed":1,"minecraft:snowball":40,"minecraft:redstone_torch":1,"minecraft:spruce_boat":8,"minecraft:bread":4,"minecraft:spruce_sapling":1,"minecraft:stone_axe":63,"minecraft:porkchop":2,"minecraft:cooked_porkchop":3},"minecraft:dropped":{"minecraft:golden_boots":1,"minecraft:golden_chestplate":2,"minecraft:mossy_cobblestone":5,"minecraft:chicken":1,"minecraft:feather":1,"minecraft:rotten_flesh":1,"minecraft:stick":1,"minecraft:gold_nugget":2,"minecraft:sunflower":2},"minecraft:killed":{"minecraft:pig":12,"minecraft:zombie_villager":1,"minecraft:sheep":6,"minecraft:mooshroom":1,"minecraft:chicken":1,"minecraft:villager":1,"minecraft:cow":1},"minecraft:mined":{"minecraft:brown_mushroom":18,"minecraft:mossy_cobblestone":5,"minecraft:crafting_table":1,"minecraft:short_grass":9,"minecraft:tall_grass":7,"minecraft:spruce_leaves":5,"minecraft:sugar_cane":7,"minecraft:cauldron":1,"minecraft:fire":13,"minecraft:redstone_torch":1,"minecraft:snow":40,"minecraft:spruce_log":12,"minecraft:iron_bars":1,"minecraft:sunflower":2,"minecraft:dirt":1,"minecraft:sand":1,"minecraft:stone":12},"minecraft:custom":{"minecraft:interact_with_furnace":8,"minecraft:mob_kills":23,"minecraft:interact_with_crafting_table":17,"minecraft:time_since_death":4150,"minecraft:sleep_in_bed":2,"minecraft:climb_one_cm":1781,"minecraft:time_since_rest":4179,"minecraft:sprint_one_cm":81726,"minecraft:damage_taken":2730,"minecraft:walk_one_cm":77171,"minecraft:drop":16,"minecraft:damage_dealt":2341,"minecraft:swim_one_cm":74591,"minecraft:fly_one_cm":274617,"minecraft:open_chest":9,"minecraft:crouch_one_cm":8742,"minecraft:play_time":87664,"minecraft:deaths":8,"minecraft:sneak_time":2785,"minecraft:walk_under_water_one_cm":9981,"minecraft:boat_one_cm":1255384,"minecraft:jump":1170,"minecraft:walk_on_water_one_cm":14750,"minecraft:total_world_time":87664,"minecraft:fall_one_cm":51404}},"DataVersion":4082}