{"stats":{"minecraft:crafted":{"minecraft:crafting_table":1,"minecraft:spruce_planks":48,"minecraft:stick":8,"minecraft:wooden_pickaxe":1},"minecraft:picked_up":{"minecraft:stick":2,"minecraft:spruce_log":12,"minecraft:mossy_cobblestone":1},"minecraft:used":{"minecraft:crafting_table":1,"minecraft:wooden_pickaxe":2},"minecraft:mined":{"minecraft:mossy_cobblestone":2,"minecraft:spruce_leaves":5,"minecraft:spruce_log":12},"minecraft:custom":{"minecraft:time_since_rest":2891,"minecraft:crouch_one_cm":2914,"minecraft:play_time":3664,"minecraft:sprint_one_cm":5668,"minecraft:walk_one_cm":5158,"minecraft:damage_taken":240,"minecraft:deaths":1,"minecraft:sneak_time":900,"minecraft:jump":56,"minecraft:time_since_death":2868,"minecraft:total_world_time":3664,"minecraft:interact_with_crafting_table":1,"minecraft:fall_one_cm":5355,"minecraft:fly_one_cm":11463}},"DataVersion":4082}