{"stats":{"minecraft:killed_by":{"minecraft:drowned":4},"minecraft:crafted":{"minecraft:sugar":11,"minecraft:wooden_shovel":1,"minecraft:crafting_table":1,"minecraft:spruce_planks":48,"minecraft:stick":12,"minecraft:wooden_pickaxe":1,"minecraft:stone_pickaxe":1,"minecraft:spruce_boat":1,"minecraft:stone_axe":1,"minecraft:bread":4},"minecraft:picked_up":{"minecraft:stick":15,"minecraft:wheat":13,"minecraft:feather":1,"minecraft:chicken":1,"minecraft:cooked_porkchop":3,"minecraft:wooden_pickaxe":2,"minecraft:filled_map":1,"minecraft:porkchop":3,"minecraft:sand":1,"minecraft:spruce_sapling":1,"minecraft:spruce_log":12,"minecraft:dirt":1,"minecraft:mossy_cobblestone":5,"minecraft:sugar":11,"minecraft:rotten_flesh":2,"minecraft:gold_nugget":2,"minecraft:spruce_boat":4,"minecraft:spruce_planks":21,"minecraft:wooden_shovel":2,"minecraft:sugar_cane":11,"minecraft:coal":26,"minecraft:snowball":40,"minecraft:cobblestone":12},"minecraft:used":{"minecraft:spruce_boat":4,"minecraft:bread":3,"minecraft:wooden_pickaxe":18,"minecraft:wooden_shovel":40,"minecraft:spruce_sapling":1,"minecraft:stone_axe":1,"minecraft:sand":1,"minecraft:dirt":1,"minecraft:crafting_table":1,"minecraft:snowball":40},"minecraft:dropped":{"minecraft:mossy_cobblestone":5,"minecraft:chicken":1,"minecraft:feather":1,"minecraft:rotten_flesh":1,"minecraft:gold_nugget":2,"minecraft:stick":1},"minecraft:killed":{"minecraft:pig":1,"minecraft:chicken":1},"minecraft:mined":{"minecraft:mossy_cobblestone":5,"minecraft:snow":40,"minecraft:spruce_log":12,"minecraft:short_grass":4,"minecraft:sand":1,"minecraft:dirt":1,"minecraft:spruce_leaves":5,"minecraft:stone":12,"minecraft:sugar_cane":7},"minecraft:custom":{"minecraft:time_since_rest":26021,"minecraft:interact_with_furnace":6,"minecraft:sprint_one_cm":33963,"minecraft:damage_taken":2193,"minecraft:walk_one_cm":35210,"minecraft:mob_kills":2,"minecraft:drop":11,"minecraft:damage_dealt":235,"minecraft:interact_with_crafting_table":6,"minecraft:swim_one_cm":66187,"minecraft:fly_one_cm":87052,"minecraft:open_chest":3,"minecraft:crouch_one_cm":6379,"minecraft:play_time":39664,"minecraft:deaths":7,"minecraft:sneak_time":1720,"minecraft:walk_under_water_one_cm":8234,"minecraft:boat_one_cm":462089,"minecraft:jump":433,"minecraft:time_since_death":25999,"minecraft:walk_on_water_one_cm":10490,"minecraft:total_world_time":39664,"minecraft:fall_one_cm":23084}},"DataVersion":4082}