{"stats":{"minecraft:killed_by":{"minecraft:drowned":4},"minecraft:crafted":{"minecraft:sugar":11,"minecraft:wooden_shovel":1,"minecraft:crafting_table":1,"minecraft:spruce_planks":48,"minecraft:stick":8,"minecraft:wooden_pickaxe":1,"minecraft:spruce_boat":1},"minecraft:picked_up":{"minecraft:stick":15,"minecraft:wheat":13,"minecraft:wooden_pickaxe":2,"minecraft:filled_map":1,"minecraft:sand":1,"minecraft:spruce_sapling":1,"minecraft:spruce_log":12,"minecraft:dirt":1,"minecraft:mossy_cobblestone":5,"minecraft:sugar":11,"minecraft:rotten_flesh":2,"minecraft:spruce_boat":1,"minecraft:spruce_planks":20,"minecraft:wooden_shovel":1,"minecraft:sugar_cane":11,"minecraft:coal":26},"minecraft:used":{"minecraft:spruce_boat":2,"minecraft:wooden_pickaxe":6,"minecraft:spruce_sapling":1,"minecraft:sand":1,"minecraft:dirt":1,"minecraft:crafting_table":1},"minecraft:dropped":{"minecraft:mossy_cobblestone":5,"minecraft:rotten_flesh":1,"minecraft:stick":1},"minecraft:mined":{"minecraft:mossy_cobblestone":5,"minecraft:spruce_log":12,"minecraft:sand":1,"minecraft:dirt":1,"minecraft:spruce_leaves":5,"minecraft:sugar_cane":7},"minecraft:custom":{"minecraft:time_since_rest":2021,"minecraft:sprint_one_cm":16978,"minecraft:damage_taken":2120,"minecraft:walk_one_cm":15929,"minecraft:drop":7,"minecraft:damage_dealt":55,"minecraft:interact_with_crafting_table":3,"minecraft:swim_one_cm":64263,"minecraft:fly_one_cm":36542,"minecraft:open_chest":3,"minecraft:crouch_one_cm":3619,"minecraft:play_time":15664,"minecraft:deaths":7,"minecraft:sneak_time":1127,"minecraft:walk_under_water_one_cm":7846,"minecraft:boat_one_cm":65968,"minecraft:jump":209,"minecraft:time_since_death":1999,"minecraft:walk_on_water_one_cm":8776,"minecraft:total_world_time":15664,"minecraft:fall_one_cm":17639}},"DataVersion":4082}