{"stats":{"minecraft:picked_up":{"minecraft:birch_log":9,"minecraft:pink_petals":218,"minecraft:birch_boat":1,"minecraft:leather":5,"minecraft:porkchop":18,"minecraft:cherry_log":15,"minecraft:dirt":3,"minecraft:rotten_flesh":1,"minecraft:wheat_seeds":2,"minecraft:beef":8,"minecraft:mutton":4,"minecraft:white_wool":4,"minecraft:cobblestone":15,"minecraft:ender_pearl":1},"minecraft:crafted":{"minecraft:cherry_planks":4,"minecraft:crafting_table":3,"minecraft:stick":8,"minecraft:wooden_pickaxe":1,"minecraft:birch_boat":1,"minecraft:stone_pickaxe":1,"minecraft:wooden_axe":1,"minecraft:white_bed":1,"minecraft:birch_planks":36,"minecraft:stone_axe":1},"minecraft:custom":{"minecraft:time_since_rest":11301,"minecraft:sprint_one_cm":43499,"minecraft:damage_taken":406,"minecraft:walk_one_cm":61179,"minecraft:mob_kills":17,"minecraft:drop":1,"minecraft:damage_dealt":2135,"minecraft:swim_one_cm":6,"minecraft:interact_with_crafting_table":13,"minecraft:fly_one_cm":124722,"minecraft:open_chest":1,"minecraft:crouch_one_cm":4419,"minecraft:play_time":28281,"minecraft:sneak_time":1409,"minecraft:walk_under_water_one_cm":987,"minecraft:boat_one_cm":277451,"minecraft:jump":623,"minecraft:leave_game":17,"minecraft:walk_on_water_one_cm":5976,"minecraft:time_since_death":28281,"minecraft:sleep_in_bed":1,"minecraft:total_world_time":28281,"minecraft:fall_one_cm":16507},"minecraft:killed":{"minecraft:sheep":3,"minecraft:zombie":1,"minecraft:pig":7,"minecraft:enderman":1,"minecraft:cow":4},"minecraft:dropped":{"minecraft:rotten_flesh":1},"minecraft:broken":{"minecraft:wooden_axe":1,"minecraft:golden_sword":1},"minecraft:used":{"minecraft:wooden_axe":36,"minecraft:flint_and_steel":7,"minecraft:ender_pearl":1,"minecraft:wooden_pickaxe":15,"minecraft:birch_boat":1,"minecraft:stone_axe":4,"minecraft:golden_sword":35,"minecraft:fire_charge":1,"minecraft:mutton":3,"minecraft:beef":5,"minecraft:crafting_table":2,"minecraft:porkchop":15,"minecraft:white_bed":1},"minecraft:mined":{"minecraft:pink_petals":85,"minecraft:birch_log":9,"minecraft:fire":7,"minecraft:cherry_log":3,"minecraft:short_grass":25,"minecraft:grass_block":1,"minecraft:tall_grass":2,"minecraft:stone":15}},"DataVersion":4082}