{"stats":{"minecraft:picked_up":{"minecraft:birch_log":9,"minecraft:birch_boat":1},"minecraft:crafted":{"minecraft:birch_planks":36,"minecraft:stick":4,"minecraft:wooden_pickaxe":1,"minecraft:birch_boat":1,"minecraft:wooden_axe":1},"minecraft:custom":{"minecraft:open_chest":1,"minecraft:time_since_rest":5811,"minecraft:crouch_one_cm":1488,"minecraft:play_time":5811,"minecraft:sprint_one_cm":7616,"minecraft:damage_taken":50,"minecraft:walk_one_cm":12407,"minecraft:sneak_time":566,"minecraft:walk_under_water_one_cm":47,"minecraft:boat_one_cm":26390,"minecraft:jump":101,"minecraft:damage_dealt":60,"minecraft:time_since_death":5811,"minecraft:walk_on_water_one_cm":1379,"minecraft:total_world_time":5811,"minecraft:fall_one_cm":3774,"minecraft:interact_with_crafting_table":3,"minecraft:fly_one_cm":11998},"minecraft:mined":{"minecraft:birch_log":9,"minecraft:fire":7},"minecraft:used":{"minecraft:wooden_axe":7,"minecraft:fire_charge":1,"minecraft:flint_and_steel":7,"minecraft:birch_boat":1}},"DataVersion":4082}