{"stats":{"minecraft:used":{"minecraft:iron_bars":2,"minecraft:flint_and_steel":13,"minecraft:stone_pickaxe":3,"minecraft:wooden_pickaxe":18,"minecraft:spruce_planks":1,"minecraft:shield":4,"minecraft:iron_sword":21,"minecraft:cauldron":3,"minecraft:wooden_shovel":40,"minecraft:dirt":5,"minecraft:sand":1,"minecraft:mutton":11,"minecraft:crafting_table":6,"minecraft:white_bed":3,"minecraft:snowball":40,"minecraft:spruce_boat":9,"minecraft:redstone_torch":1,"minecraft:wooden_axe":26,"minecraft:bread":9,"minecraft:spruce_sapling":1,"minecraft:stone_axe":63,"minecraft:goat_horn":2,"minecraft:porkchop":5,"minecraft:cooked_porkchop":3},"minecraft:dropped":{"minecraft:golden_boots":1,"minecraft:goat_horn":1,"minecraft:ominous_bottle":3,"minecraft:golden_chestplate":2,"minecraft:mossy_cobblestone":5,"minecraft:feather":1,"minecraft:chicken":1,"minecraft:rotten_flesh":1,"minecraft:stick":1,"minecraft:poppy":1,"minecraft:dirt":2,"minecraft:gold_nugget":2,"minecraft:sunflower":2},"minecraft:killed_by":{"minecraft:cave_spider":1,"minecraft:drowned":4},"minecraft:mined":{"minecraft:white_bed":1,"minecraft:brown_mushroom":18,"minecraft:mossy_cobblestone":5,"minecraft:crafting_table":4,"minecraft:dark_oak_fence":6,"minecraft:short_grass":15,"minecraft:acacia_log":6,"minecraft:grass_block":3,"minecraft:tall_grass":7,"minecraft:spruce_leaves":5,"minecraft:sugar_cane":7,"minecraft:cauldron":1,"minecraft:hay_block":5,"minecraft:redstone_torch":1,"minecraft:fire":13,"minecraft:snow":40,"minecraft:spruce_log":12,"minecraft:oak_log":5,"minecraft:iron_bars":1,"minecraft:sunflower":2,"minecraft:sand":1,"minecraft:dirt":4,"minecraft:stone":12},"minecraft:crafted":{"minecraft:sugar":11,"minecraft:oak_planks":20,"minecraft:wooden_shovel":1,"minecraft:crafting_table":4,"minecraft:spruce_planks":48,"minecraft:wooden_pickaxe":2,"minecraft:stone_axe":1,"minecraft:bread":6,"minecraft:stick":16,"minecraft:stone_pickaxe":1,"minecraft:wooden_axe":1,"minecraft:white_bed":2,"minecraft:spruce_boat":2,"minecraft:acacia_planks":24,"minecraft:wheat":45},"minecraft:custom":{"minecraft:interact_with_furnace":8,"minecraft:mob_kills":32,"minecraft:interact_with_crafting_table":23,"minecraft:leave_game":2,"minecraft:time_since_death":29532,"minecraft:sleep_in_bed":6,"minecraft:climb_one_cm":2259,"minecraft:time_since_rest":1473,"minecraft:sprint_one_cm":133902,"minecraft:damage_taken":2960,"minecraft:walk_one_cm":131177,"minecraft:damage_blocked_by_shield":240,"minecraft:drop":23,"minecraft:damage_dealt":3857,"minecraft:swim_one_cm":76258,"minecraft:fly_one_cm":431655,"minecraft:talked_to_villager":2,"minecraft:open_chest":14,"minecraft:crouch_one_cm":10465,"minecraft:play_time":113046,"minecraft:sneak_time":3690,"minecraft:deaths":8,"minecraft:walk_under_water_one_cm":11028,"minecraft:boat_one_cm":1399927,"minecraft:jump":1820,"minecraft:walk_on_water_one_cm":16075,"minecraft:total_world_time":113046,"minecraft:fall_one_cm":72517},"minecraft:killed":{"minecraft:pig":13,"minecraft:zombie_villager":1,"minecraft:sheep":9,"minecraft:pillager":5,"minecraft:chicken":1,"minecraft:mooshroom":1,"minecraft:villager":1,"minecraft:cow":1},"minecraft:picked_up":{"minecraft:crafting_table":4,"minecraft:wheat":13,"minecraft:feather":1,"minecraft:ominous_bottle":3,"minecraft:chicken":1,"minecraft:leather":2,"minecraft:brown_mushroom":17,"minecraft:wooden_pickaxe":2,"minecraft:filled_map":1,"minecraft:oak_log":5,"minecraft:shield":1,"minecraft:dirt":7,"minecraft:white_banner":2,"minecraft:white_carpet":4,"minecraft:wheat_seeds":2,"minecraft:gold_nugget":2,"minecraft:spruce_planks":21,"minecraft:beef":5,"minecraft:redstone_torch":1,"minecraft:wooden_shovel":2,"minecraft:poppy":1,"minecraft:sugar_cane":11,"minecraft:iron_sword":1,"minecraft:stick":31,"minecraft:cooked_porkchop":3,"minecraft:acacia_log":6,"minecraft:porkchop":24,"minecraft:sand":1,"minecraft:spruce_sapling":1,"minecraft:white_bed":1,"minecraft:spruce_log":12,"minecraft:goat_horn":1,"minecraft:cauldron":3,"minecraft:mossy_cobblestone":5,"minecraft:sugar":11,"minecraft:rotten_flesh":2,"minecraft:spruce_boat":8,"minecraft:hay_block":5,"minecraft:light_gray_carpet":2,"minecraft:dark_oak_fence":9,"minecraft:mutton":16,"minecraft:iron_bars":2,"minecraft:coal":26,"minecraft:snowball":40,"minecraft:white_wool":10,"minecraft:cobblestone":12,"minecraft:sunflower":2}},"DataVersion":4082}