{"stats":{"minecraft:picked_up":{"minecraft:birch_log":9,"minecraft:pink_petals":220,"minecraft:birch_boat":1,"minecraft:leather":5,"minecraft:porkchop":18,"minecraft:cherry_log":26,"minecraft:spider_eye":1,"minecraft:dirt":4,"minecraft:string":3,"minecraft:arrow":2,"minecraft:bone":1,"minecraft:rotten_flesh":2,"minecraft:wheat_seeds":3,"minecraft:beef":8,"minecraft:cherry_sapling":1,"minecraft:black_wool":1,"minecraft:mutton":21,"minecraft:white_wool":14,"minecraft:cobblestone":15,"minecraft:ender_pearl":1},"minecraft:crafted":{"minecraft:cherry_planks":4,"minecraft:crafting_table":3,"minecraft:stick":8,"minecraft:birch_boat":1,"minecraft:wooden_pickaxe":1,"minecraft:stone_pickaxe":1,"minecraft:wooden_axe":1,"minecraft:white_bed":2,"minecraft:birch_planks":36,"minecraft:stone_axe":1},"minecraft:custom":{"minecraft:time_since_rest":5963,"minecraft:sprint_one_cm":80474,"minecraft:damage_taken":522,"minecraft:walk_one_cm":89144,"minecraft:mob_kills":29,"minecraft:drop":10,"minecraft:damage_dealt":3140,"minecraft:swim_one_cm":698,"minecraft:interact_with_crafting_table":15,"minecraft:fly_one_cm":224117,"minecraft:open_chest":1,"minecraft:crouch_one_cm":6077,"minecraft:play_time":39834,"minecraft:sneak_time":1962,"minecraft:walk_under_water_one_cm":1039,"minecraft:boat_one_cm":277451,"minecraft:jump":1104,"minecraft:leave_game":19,"minecraft:time_since_death":39834,"minecraft:walk_on_water_one_cm":6754,"minecraft:sleep_in_bed":2,"minecraft:total_world_time":39834,"minecraft:fall_one_cm":32559},"minecraft:killed":{"minecraft:sheep":14,"minecraft:zombie":1,"minecraft:pig":7,"minecraft:spider":1,"minecraft:enderman":1,"minecraft:cow":4},"minecraft:dropped":{"minecraft:porkchop":3,"minecraft:wheat_seeds":3,"minecraft:mutton":5,"minecraft:rotten_flesh":1},"minecraft:broken":{"minecraft:wooden_axe":1,"minecraft:golden_sword":1},"minecraft:used":{"minecraft:wooden_axe":36,"minecraft:flint_and_steel":7,"minecraft:ender_pearl":1,"minecraft:wooden_pickaxe":15,"minecraft:birch_boat":1,"minecraft:stone_axe":36,"minecraft:golden_sword":35,"minecraft:fire_charge":1,"minecraft:dirt":3,"minecraft:mutton":9,"minecraft:beef":8,"minecraft:crafting_table":3,"minecraft:porkchop":15,"minecraft:white_bed":2},"minecraft:mined":{"minecraft:pink_petals":86,"minecraft:birch_log":9,"minecraft:fire":7,"minecraft:cherry_log":14,"minecraft:short_grass":33,"minecraft:grass_block":1,"minecraft:dirt":1,"minecraft:tall_grass":8,"minecraft:stone":15}},"DataVersion":4082}