{"stats":{"minecraft:picked_up":{"minecraft:birch_log":9,"minecraft:birch_boat":1,"minecraft:leather":5,"minecraft:porkchop":7,"minecraft:dirt":3,"minecraft:rotten_flesh":1,"minecraft:beef":8,"minecraft:mutton":3,"minecraft:white_wool":3,"minecraft:ender_pearl":1},"minecraft:crafted":{"minecraft:crafting_table":1,"minecraft:stick":4,"minecraft:wooden_pickaxe":1,"minecraft:birch_boat":1,"minecraft:wooden_axe":1,"minecraft:white_bed":1,"minecraft:birch_planks":36},"minecraft:custom":{"minecraft:time_since_rest":2922,"minecraft:sprint_one_cm":20341,"minecraft:damage_taken":293,"minecraft:walk_one_cm":33754,"minecraft:mob_kills":12,"minecraft:drop":1,"minecraft:damage_dealt":1563,"minecraft:swim_one_cm":6,"minecraft:interact_with_crafting_table":4,"minecraft:fly_one_cm":56469,"minecraft:open_chest":1,"minecraft:crouch_one_cm":2855,"minecraft:play_time":19902,"minecraft:sneak_time":805,"minecraft:walk_under_water_one_cm":987,"minecraft:boat_one_cm":277451,"minecraft:jump":303,"minecraft:leave_game":17,"minecraft:walk_on_water_one_cm":5976,"minecraft:time_since_death":19902,"minecraft:sleep_in_bed":1,"minecraft:total_world_time":19902,"minecraft:fall_one_cm":7803},"minecraft:killed":{"minecraft:sheep":2,"minecraft:zombie":1,"minecraft:pig":3,"minecraft:enderman":1,"minecraft:cow":4},"minecraft:dropped":{"minecraft:rotten_flesh":1},"minecraft:broken":{"minecraft:golden_sword":1},"minecraft:mined":{"minecraft:birch_log":9,"minecraft:fire":7,"minecraft:short_grass":6,"minecraft:grass_block":1,"minecraft:tall_grass":1},"minecraft:used":{"minecraft:wooden_axe":18,"minecraft:flint_and_steel":7,"minecraft:ender_pearl":1,"minecraft:birch_boat":1,"minecraft:golden_sword":35,"minecraft:fire_charge":1,"minecraft:mutton":3,"minecraft:crafting_table":1,"minecraft:porkchop":5,"minecraft:white_bed":1}},"DataVersion":4082}