{"stats":{"minecraft:killed_by":{"minecraft:drowned":4},"minecraft:crafted":{"minecraft:sugar":11,"minecraft:wooden_shovel":1,"minecraft:crafting_table":2,"minecraft:spruce_planks":48,"minecraft:wooden_pickaxe":1,"minecraft:stone_axe":1,"minecraft:bread":4,"minecraft:stick":12,"minecraft:stone_pickaxe":1,"minecraft:spruce_boat":2},"minecraft:picked_up":{"minecraft:crafting_table":1,"minecraft:wheat":13,"minecraft:feather":1,"minecraft:chicken":1,"minecraft:brown_mushroom":17,"minecraft:wooden_pickaxe":2,"minecraft:filled_map":1,"minecraft:dirt":1,"minecraft:white_carpet":4,"minecraft:gold_nugget":2,"minecraft:spruce_planks":21,"minecraft:beef":2,"minecraft:redstone_torch":1,"minecraft:wooden_shovel":2,"minecraft:sugar_cane":11,"minecraft:stick":31,"minecraft:cooked_porkchop":3,"minecraft:porkchop":12,"minecraft:sand":1,"minecraft:spruce_sapling":1,"minecraft:spruce_log":12,"minecraft:mossy_cobblestone":5,"minecraft:cauldron":3,"minecraft:rotten_flesh":2,"minecraft:sugar":11,"minecraft:spruce_boat":5,"minecraft:light_gray_carpet":2,"minecraft:iron_bars":2,"minecraft:coal":26,"minecraft:snowball":40,"minecraft:cobblestone":12,"minecraft:sunflower":2},"minecraft:used":{"minecraft:iron_bars":2,"minecraft:stone_pickaxe":3,"minecraft:spruce_planks":1,"minecraft:wooden_pickaxe":18,"minecraft:cauldron":3,"minecraft:wooden_shovel":40,"minecraft:dirt":1,"minecraft:sand":1,"minecraft:crafting_table":2,"minecraft:snowball":40,"minecraft:redstone_torch":1,"minecraft:spruce_boat":7,"minecraft:bread":4,"minecraft:spruce_sapling":1,"minecraft:stone_axe":35,"minecraft:porkchop":2,"minecraft:cooked_porkchop":3},"minecraft:dropped":{"minecraft:golden_boots":1,"minecraft:mossy_cobblestone":5,"minecraft:chicken":1,"minecraft:feather":1,"minecraft:rotten_flesh":1,"minecraft:stick":1,"minecraft:gold_nugget":2,"minecraft:sunflower":2},"minecraft:killed":{"minecraft:pig":7,"minecraft:zombie_villager":1,"minecraft:mooshroom":1,"minecraft:chicken":1,"minecraft:villager":1},"minecraft:mined":{"minecraft:brown_mushroom":18,"minecraft:mossy_cobblestone":5,"minecraft:crafting_table":1,"minecraft:short_grass":4,"minecraft:tall_grass":6,"minecraft:spruce_leaves":5,"minecraft:sugar_cane":7,"minecraft:cauldron":1,"minecraft:redstone_torch":1,"minecraft:snow":40,"minecraft:spruce_log":12,"minecraft:iron_bars":1,"minecraft:sunflower":2,"minecraft:dirt":1,"minecraft:sand":1,"minecraft:stone":12},"minecraft:custom":{"minecraft:interact_with_furnace":8,"minecraft:mob_kills":11,"minecraft:interact_with_crafting_table":9,"minecraft:time_since_death":61999,"minecraft:climb_one_cm":1781,"minecraft:time_since_rest":62021,"minecraft:sprint_one_cm":61347,"minecraft:damage_taken":2503,"minecraft:walk_one_cm":64686,"minecraft:drop":14,"minecraft:damage_dealt":1261,"minecraft:swim_one_cm":73634,"minecraft:fly_one_cm":191259,"minecraft:open_chest":8,"minecraft:crouch_one_cm":7430,"minecraft:play_time":75664,"minecraft:deaths":7,"minecraft:sneak_time":2313,"minecraft:walk_under_water_one_cm":9024,"minecraft:boat_one_cm":1126942,"minecraft:jump":863,"minecraft:walk_on_water_one_cm":13373,"minecraft:total_world_time":75664,"minecraft:fall_one_cm":38563}},"DataVersion":4082}